{
  "全景顶棚框架前": {
    "零件名称": "全景顶棚框架前",
    "零件号": "INT40003023/INT40003024",
    "成品重量_kg": 0.813,
    "毛坯重量_kg": 0.98,
    "总采购量_万件": 30.0,
    "能耗单价_元kwh": 1.0,
    "废品率": 0.01,
    "年生产天数": 300.0,
    "材料": [
      {
        "材料名称": "PC+ABS",
        "规格": "PMR: IP20a; Grade: MAC 5210; Supplier: KINGFA",
        "净用量_kg": 0.4506,
        "耗用率": 0.01,
        "单价_元kg": 18.5,
        "材料费_元件": 8.419461
      }
    ],
    "材料费合计": 8.419461,
    "模具": [
      {
        "模具名称": "全景顶棚框架前/后",
        "模具价格_万元": 21.976592920354,
        "穴数": 2.0,
        "寿命_万模": 30.0,
        "分摊数量_万件": 46.0,
        "单件分摊_元": 0.477752020007695
      }
    ],
    "模具摊销合计": 0.477752020007695,
    "工序": [
      {
        "设备": "1300T",
        "周期_秒": 80.0,
        "单件台时_h": 0.0222222222222222,
        "操作人数": 1.6,
        "工时单价_元h": 24.0,
        "稼动率": 0.75,
        "人工费_元件": 1.13777777777778,
        "设备价_万元": 130.0,
        "折旧_元件": 0.525252525252525,
        "功率_kw": 200.0,
        "能耗利用率": 0.45,
        "能耗费_元件": 2.15384615384615
      }
    ],
    "人工合计": 1.13777777777778,
    "折旧合计": 0.525252525252525,
    "能耗合计": 2.15384615384615,
    "直接工资": 1.13777777777778,
    "废品费用": 0.127140894768842,
    "管理费用": 0.47367229858265,
    "运输费用": 1.29,
    "包装费用": 0.8,
    "成本价": 15.4049026702356,
    "利润率": 0.05,
    "利润": 0.770245133511782,
    "未税报价": 16.1751478037474,
    "增值税13%": 2.10276921448717,
    "含税总价": 18.2779170182346
  },
  "全景顶棚框架后 ": {
    "零件名称": "全景顶棚框架后",
    "零件号": "INT40003023/INT40003024",
    "成品重量_kg": 0.813,
    "毛坯重量_kg": 0.98,
    "总采购量_万件": 30.0,
    "能耗单价_元kwh": 1.0,
    "废品率": 0.01,
    "年生产天数": 300.0,
    "材料": [
      {
        "材料名称": "PC+ABS",
        "规格": "PMR: IP20a; Grade: MAC 5210; Supplier: KINGFA",
        "净用量_kg": 0.3247,
        "耗用率": 0.01,
        "单价_元kg": 18.5,
        "材料费_元件": 6.0670195
      }
    ],
    "材料费合计": 6.0670195,
    "模具": [
      {
        "模具名称": "全景顶棚框架前/后",
        "模具价格_万元": 21.976592920354,
        "穴数": 2.0,
        "寿命_万模": 30.0,
        "分摊数量_万件": 46.0,
        "单件分摊_元": 0.477752020007695
      }
    ],
    "模具摊销合计": 0.477752020007695,
    "工序": [
      {
        "设备": "1300T",
        "周期_秒": 80.0,
        "单件台时_h": 0.0222222222222222,
        "操作人数": 1.6,
        "工时单价_元h": 24.0,
        "稼动率": 0.75,
        "人工费_元件": 1.13777777777778,
        "设备价_万元": 130.0,
        "折旧_元件": 0.525252525252525,
        "功率_kw": 200.0,
        "能耗利用率": 0.45,
        "能耗费_元件": 2.15384615384615
      }
    ],
    "人工合计": 1.13777777777778,
    "折旧合计": 0.525252525252525,
    "能耗合计": 2.15384615384615,
    "直接工资": 1.13777777777778,
    "废品费用": 0.103616479768842,
    "管理费用": 0.40192283283265,
    "运输费用": 0.97,
    "包装费用": 0.7,
    "成本价": 12.5371872894856,
    "利润率": 0.05,
    "利润": 0.626859364474282,
    "未税报价": 13.1640466539599,
    "增值税13%": 1.71132606501479,
    "含税总价": 14.8753727189747
  },
  "全景顶棚框架左": {
    "零件名称": "全景顶棚框架左",
    "零件号": "INT40003025/INT40003026",
    "成品重量_kg": null,
    "毛坯重量_kg": 0.58,
    "总采购量_万件": 30.0,
    "能耗单价_元kwh": 1.0,
    "废品率": 0.01,
    "年生产天数": 300.0,
    "材料": [
      {
        "材料名称": "PC+ABS",
        "规格": "PMR: IP20a; Grade: MAC 5210; Supplier: KINGFA",
        "净用量_kg": 0.281,
        "耗用率": 0.01,
        "单价_元kg": 18.5,
        "材料费_元件": 5.250485
      }
    ],
    "材料费合计": 5.250485,
    "模具": [
      {
        "模具名称": "全景顶棚框架左/右",
        "模具价格_万元": 21.1014,
        "穴数": 2.0,
        "寿命_万模": 30.0,
        "分摊数量_万件": 46.0,
        "单件分摊_元": 0.458726086956522
      }
    ],
    "模具摊销合计": 0.458726086956522,
    "工序": [
      {
        "设备": "850T",
        "周期_秒": 65.0,
        "单件台时_h": 0.0180555555555556,
        "操作人数": 1.6,
        "工时单价_元h": 24.0,
        "稼动率": 0.75,
        "人工费_元件": 0.924444444444444,
        "设备价_万元": 110.0,
        "折旧_元件": 0.361111111111111,
        "功率_kw": 125.0,
        "能耗利用率": 0.45,
        "能耗费_元件": 1.09375
      }
    ],
    "人工合计": 0.924444444444444,
    "折旧合计": 0.361111111111111,
    "能耗合计": 1.09375,
    "直接工资": 0.924444444444444,
    "废品费用": 0.0808851664251208,
    "管理费用": 0.30346039044686,
    "运输费用": 0.9,
    "包装费用": 0.71,
    "成本价": 10.0828621993841,
    "利润率": 0.05,
    "利润": 0.504143109969203,
    "未税报价": 10.5870053093533,
    "增值税13%": 1.37631069021592,
    "含税总价": 11.9633159995692
  },
  "全景顶棚框架右": {
    "零件名称": "全景顶棚框架右",
    "零件号": "INT40003025/INT40003026",
    "成品重量_kg": null,
    "毛坯重量_kg": 0.58,
    "总采购量_万件": 30.0,
    "能耗单价_元kwh": 1.0,
    "废品率": 0.01,
    "年生产天数": 300.0,
    "材料": [
      {
        "材料名称": "PC+ABS",
        "规格": "PMR: IP20a; Grade: MAC 5210; Supplier: KINGFA",
        "净用量_kg": 0.245,
        "耗用率": 0.01,
        "单价_元kg": 18.5,
        "材料费_元件": 4.577825
      }
    ],
    "材料费合计": 4.577825,
    "模具": [
      {
        "模具名称": "全景顶棚框架左/右",
        "模具价格_万元": 21.1014,
        "穴数": 2.0,
        "寿命_万模": 30.0,
        "分摊数量_万件": 46.0,
        "单件分摊_元": 0.458726086956522
      }
    ],
    "模具摊销合计": 0.458726086956522,
    "工序": [
      {
        "设备": "850T",
        "周期_秒": 65.0,
        "单件台时_h": 0.0180555555555556,
        "操作人数": 1.6,
        "工时单价_元h": 24.0,
        "稼动率": 0.75,
        "人工费_元件": 0.924444444444444,
        "设备价_万元": 110.0,
        "折旧_元件": 0.361111111111111,
        "功率_kw": 125.0,
        "能耗利用率": 0.45,
        "能耗费_元件": 1.09375
      }
    ],
    "人工合计": 0.924444444444444,
    "折旧合计": 0.361111111111111,
    "能耗合计": 1.09375,
    "直接工资": 0.924444444444444,
    "废品费用": 0.0741585664251208,
    "管理费用": 0.28294426044686,
    "运输费用": 0.9,
    "包装费用": 0.7,
    "成本价": 9.37295946938406,
    "利润率": 0.05,
    "利润": 0.468647973469203,
    "未税报价": 9.84160744285326,
    "增值税13%": 1.27940896757092,
    "含税总价": 11.1210164104242
  }
}