{
  "Floor hatch cover": {
    "零件名称": "Floor hatch cover",
    "零件号": "P51-N32500-AA",
    "成品重量_kg": 0.028,
    "毛坯重量_kg": 0.032,
    "总采购量_万件": 52.5,
    "能耗单价_元kwh": 1.0,
    "废品率": 0.01,
    "年生产天数": 300.0,
    "材料": [
      {
        "材料名称": "PP T20",
        "规格": null,
        "净用量_kg": 0.032,
        "耗用率": 0.01,
        "单价_元kg": 9.1,
        "材料费_元件": 0.294112
      }
    ],
    "材料费合计": 0.294112,
    "模具": [
      {
        "模具名称": "Floor hatch cover",
        "模具价格_万元": 7.0,
        "穴数": 4.0,
        "寿命_万模": 52.5,
        "分摊数量_万件": 52.5,
        "单件分摊_元": 0.133333333333333
      }
    ],
    "模具摊销合计": 0.133333333333333,
    "工序": [
      {
        "设备": "250T",
        "周期_秒": 10.0,
        "单件台时_h": 0.00277777777777778,
        "操作人数": 1.5,
        "工时单价_元h": 24.0,
        "稼动率": 0.75,
        "人工费_元件": 0.133333333333333,
        "设备价_万元": 25.0,
        "折旧_元件": 0.0126262626262626,
        "功率_kw": 30.0,
        "能耗利用率": 0.45,
        "能耗费_元件": 0.0403846153846154
      }
    ],
    "人工合计": 0.133333333333333,
    "折旧合计": 0.0126262626262626,
    "能耗合计": 0.0403846153846154,
    "直接工资": 0.133333333333333,
    "废品费用": 0.00613789544677545,
    "管理费用": 0.025114132006216,
    "运输费用": 0.1,
    "包装费用": 0.1,
    "成本价": 0.845041572130536,
    "利润率": 0.05,
    "利润": 0.0422520786065268,
    "未税报价": 0.887293650737063,
    "增值税13%": 0.115348174595818,
    "含税总价": 1.00264182533288
  }
}